web-scraper-order,web-scraper-start-url,Jilbab,Jilbab-href,Judul,Rating,Harga
"1757853254-1","https://www.amazon.com/s?k=jilbab&crid=CBTZPEAGQRB&sprefix=j%2Caps%2C724&ref=nb_sb_noss_2","","https://www.amazon.com/OBEEII-Prayer-Muslim-Islamic-Middle/dp/B0BYDPP58C/ref=sr_1_60?crid=CBTZPEAGQRB&dib=eyJ2IjoiMSJ9.bGyHONncG-UZqsh9fn8GB9HG2KeWqypc-QNvK9JnlezyfpKCHhH6I3GWer3yPJx0QjQoX2OplFGFQU8o3oWqO40rfy1Rx_-dKZvXtQUoe5sKGT6TpgsSWvXmsfwsZDeVT3OtcnMoIFJ8GdKDsVuHNnHf6Jv73JW0pDEfAYamR9jTAEQb7osJJtRRgQzv9OgXKSP37pGMeBsb0c5YDd4Hy0CqHLMYVI6Mn2a9SesnBnUYjlfSPHBOdStyQO9eXrT0DnRis3GUKV-7-3Do1vMUsznHp-d117LvRkIT2A4x5Xo._2D5vSkLmw6-zcJY1w0_KPWCufM-cFxPNdHCfqIa_K4&dib_tag=se&keywords=jilbab&qid=1757853244&sprefix=j%2Caps%2C724&sr=8-60","OBEEII Muslim Dress for Women, Prayer Robes Plain Loose Islamic Middle East Dubai Turkish Max Kaftan Full Length Hijab Dress","10 ratings","$39.99                            $39.99"
"1757853261-2","https://www.amazon.com/s?k=jilbab&crid=CBTZPEAGQRB&sprefix=j%2Caps%2C724&ref=nb_sb_noss_2","","https://www.amazon.com/Jazvano-Instant-Muslim-Headscarf-Islamic/dp/B0CQ511SJT/ref=sr_1_59?crid=CBTZPEAGQRB&dib=eyJ2IjoiMSJ9.bGyHONncG-UZqsh9fn8GB9HG2KeWqypc-QNvK9JnlezyfpKCHhH6I3GWer3yPJx0QjQoX2OplFGFQU8o3oWqO40rfy1Rx_-dKZvXtQUoe5sKGT6TpgsSWvXmsfwsZDeVT3OtcnMoIFJ8GdKDsVuHNnHf6Jv73JW0pDEfAYamR9jTAEQb7osJJtRRgQzv9OgXKSP37pGMeBsb0c5YDd4Hy0CqHLMYVI6Mn2a9SesnBnUYjlfSPHBOdStyQO9eXrT0DnRis3GUKV-7-3Do1vMUsznHp-d117LvRkIT2A4x5Xo._2D5vSkLmw6-zcJY1w0_KPWCufM-cFxPNdHCfqIa_K4&dib_tag=se&keywords=jilbab&qid=1757853244&sprefix=j%2Caps%2C724&sr=8-59","Jazvano Instant Hijab for Women and Muslim Girls - Soft Scarf Easy to Wear Headscarf - Spun Gold Jilbab Daily Islamic 1pc","15 ratings","$13.99 with 26 percent savings              -26%                $13.99"
"1757853268-3","https://www.amazon.com/s?k=jilbab&crid=CBTZPEAGQRB&sprefix=j%2Caps%2C724&ref=nb_sb_noss_2","","https://www.amazon.com/Prayer-Muslim-Ramadan-Garment-Layered/dp/B0C9TCSH7Y/ref=sr_1_58?crid=CBTZPEAGQRB&dib=eyJ2IjoiMSJ9.bGyHONncG-UZqsh9fn8GB9HG2KeWqypc-QNvK9JnlezyfpKCHhH6I3GWer3yPJx0QjQoX2OplFGFQU8o3oWqO40rfy1Rx_-dKZvXtQUoe5sKGT6TpgsSWvXmsfwsZDeVT3OtcnMoIFJ8GdKDsVuHNnHf6Jv73JW0pDEfAYamR9jTAEQb7osJJtRRgQzv9OgXKSP37pGMeBsb0c5YDd4Hy0CqHLMYVI6Mn2a9SesnBnUYjlfSPHBOdStyQO9eXrT0DnRis3GUKV-7-3Do1vMUsznHp-d117LvRkIT2A4x5Xo._2D5vSkLmw6-zcJY1w0_KPWCufM-cFxPNdHCfqIa_K4&dib_tag=se&keywords=jilbab&qid=1757853244&sprefix=j%2Caps%2C724&sr=8-58","Women Prayer Dress Muslim Ramadan Garment Abaya Dubai Islam Jilbeb 2 Piece Set Layered Khimar Scarf Hijab and Long Dress","23 ratings",""
"1757853273-4","https://www.amazon.com/s?k=jilbab&crid=CBTZPEAGQRB&sprefix=j%2Caps%2C724&ref=nb_sb_noss_2","","https://www.amazon.com/Women-Muslim-Abaya-Pants-Undershirt/dp/B0DTGKDBF7/ref=sr_1_57?crid=CBTZPEAGQRB&dib=eyJ2IjoiMSJ9.bGyHONncG-UZqsh9fn8GB9HG2KeWqypc-QNvK9JnlezyfpKCHhH6I3GWer3yPJx0QjQoX2OplFGFQU8o3oWqO40rfy1Rx_-dKZvXtQUoe5sKGT6TpgsSWvXmsfwsZDeVT3OtcnMoIFJ8GdKDsVuHNnHf6Jv73JW0pDEfAYamR9jTAEQb7osJJtRRgQzv9OgXKSP37pGMeBsb0c5YDd4Hy0CqHLMYVI6Mn2a9SesnBnUYjlfSPHBOdStyQO9eXrT0DnRis3GUKV-7-3Do1vMUsznHp-d117LvRkIT2A4x5Xo._2D5vSkLmw6-zcJY1w0_KPWCufM-cFxPNdHCfqIa_K4&dib_tag=se&keywords=jilbab&qid=1757853244&sprefix=j%2Caps%2C724&sr=8-57","4PCS Women Muslim Abaya Set with Pants and Undershirt - Islamic Dresses for Umrah, Hajj, Ramadan, and Jilbab One Size (L-2XL)","3 ratings","$59.99                            $59.99                       $15.00 per count($15.00$15.00 / count)"
"1757853285-5","https://www.amazon.com/s?k=jilbab&crid=CBTZPEAGQRB&sprefix=j%2Caps%2C724&ref=nb_sb_noss_2","","https://www.amazon.com/IKADEX-Pakistani-Islamic-Clothes-Outfits/dp/B0BQF4F4S7/ref=sr_1_56?crid=CBTZPEAGQRB&dib=eyJ2IjoiMSJ9.bGyHONncG-UZqsh9fn8GB9HG2KeWqypc-QNvK9JnlezyfpKCHhH6I3GWer3yPJx0QjQoX2OplFGFQU8o3oWqO40rfy1Rx_-dKZvXtQUoe5sKGT6TpgsSWvXmsfwsZDeVT3OtcnMoIFJ8GdKDsVuHNnHf6Jv73JW0pDEfAYamR9jTAEQb7osJJtRRgQzv9OgXKSP37pGMeBsb0c5YDd4Hy0CqHLMYVI6Mn2a9SesnBnUYjlfSPHBOdStyQO9eXrT0DnRis3GUKV-7-3Do1vMUsznHp-d117LvRkIT2A4x5Xo._2D5vSkLmw6-zcJY1w0_KPWCufM-cFxPNdHCfqIa_K4&dib_tag=se&keywords=jilbab&qid=1757853244&sprefix=j%2Caps%2C724&sr=8-56","Muslim Dress for Women Pakistani Kaftan Abaya Robe + Hijab Arabic Islamic Prayer Clothes Dubai Outfits","182 ratings",""
"1757853290-6","https://www.amazon.com/s?k=jilbab&crid=CBTZPEAGQRB&sprefix=j%2Caps%2C724&ref=nb_sb_noss_2","","https://www.amazon.com/YI-HENG-MEI-Clothes-One-Piece/dp/B0CT7RMNTZ/ref=sr_1_55?crid=CBTZPEAGQRB&dib=eyJ2IjoiMSJ9.bGyHONncG-UZqsh9fn8GB9HG2KeWqypc-QNvK9JnlezyfpKCHhH6I3GWer3yPJx0QjQoX2OplFGFQU8o3oWqO40rfy1Rx_-dKZvXtQUoe5sKGT6TpgsSWvXmsfwsZDeVT3OtcnMoIFJ8GdKDsVuHNnHf6Jv73JW0pDEfAYamR9jTAEQb7osJJtRRgQzv9OgXKSP37pGMeBsb0c5YDd4Hy0CqHLMYVI6Mn2a9SesnBnUYjlfSPHBOdStyQO9eXrT0DnRis3GUKV-7-3Do1vMUsznHp-d117LvRkIT2A4x5Xo._2D5vSkLmw6-zcJY1w0_KPWCufM-cFxPNdHCfqIa_K4&dib_tag=se&keywords=jilbab&qid=1757853244&sprefix=j%2Caps%2C724&sr=8-55","Abaya for Women Lace Cuffs Muslim Dress Prayer Clothes with Hijab One-Piece Hooded Jilbab Dubai islamic Robe","","$33.99                            $33.99"
"1757853295-7","https://www.amazon.com/s?k=jilbab&crid=CBTZPEAGQRB&sprefix=j%2Caps%2C724&ref=nb_sb_noss_2","","https://www.amazon.com/ihvan-online-One-Piece-Full-Length-Standart/dp/B0D151GDV2/ref=sr_1_54?crid=CBTZPEAGQRB&dib=eyJ2IjoiMSJ9.bGyHONncG-UZqsh9fn8GB9HG2KeWqypc-QNvK9JnlezyfpKCHhH6I3GWer3yPJx0QjQoX2OplFGFQU8o3oWqO40rfy1Rx_-dKZvXtQUoe5sKGT6TpgsSWvXmsfwsZDeVT3OtcnMoIFJ8GdKDsVuHNnHf6Jv73JW0pDEfAYamR9jTAEQb7osJJtRRgQzv9OgXKSP37pGMeBsb0c5YDd4Hy0CqHLMYVI6Mn2a9SesnBnUYjlfSPHBOdStyQO9eXrT0DnRis3GUKV-7-3Do1vMUsznHp-d117LvRkIT2A4x5Xo._2D5vSkLmw6-zcJY1w0_KPWCufM-cFxPNdHCfqIa_K4&dib_tag=se&keywords=jilbab&qid=1757853244&sprefix=j%2Caps%2C724&sr=8-54","ihvan online Muslim Dresses for Women, Prayer Dress, Hijab Abaya, One-Piece Islamic Prayer Dress Gift for Eid Ramadan","256 ratings",""
"1757853303-8","https://www.amazon.com/s?k=jilbab&crid=CBTZPEAGQRB&sprefix=j%2Caps%2C724&ref=nb_sb_noss_2","","https://www.amazon.com/Farasha-Arabian-Islamic-Clothes-Dresses/dp/B0CCN6ZFSF/ref=sr_1_53?crid=CBTZPEAGQRB&dib=eyJ2IjoiMSJ9.bGyHONncG-UZqsh9fn8GB9HG2KeWqypc-QNvK9JnlezyfpKCHhH6I3GWer3yPJx0QjQoX2OplFGFQU8o3oWqO40rfy1Rx_-dKZvXtQUoe5sKGT6TpgsSWvXmsfwsZDeVT3OtcnMoIFJ8GdKDsVuHNnHf6Jv73JW0pDEfAYamR9jTAEQb7osJJtRRgQzv9OgXKSP37pGMeBsb0c5YDd4Hy0CqHLMYVI6Mn2a9SesnBnUYjlfSPHBOdStyQO9eXrT0DnRis3GUKV-7-3Do1vMUsznHp-d117LvRkIT2A4x5Xo._2D5vSkLmw6-zcJY1w0_KPWCufM-cFxPNdHCfqIa_K4&dib_tag=se&keywords=jilbab&qid=1757853244&sprefix=j%2Caps%2C724&sr=8-53","ODIZLI Womens Muslim Abaya Middle East Muslim Dress Flare Sleeve Arabia Dubai Robe with Hijab 2pcs","16 ratings","$25.90                            $25.90"
"1757853308-9","https://www.amazon.com/s?k=jilbab&crid=CBTZPEAGQRB&sprefix=j%2Caps%2C724&ref=nb_sb_noss_2","","https://www.amazon.com/zhxinashu-Abaya-Women-Muslim-Islamic/dp/B0BB9VDL5D/ref=sr_1_52?crid=CBTZPEAGQRB&dib=eyJ2IjoiMSJ9.bGyHONncG-UZqsh9fn8GB9HG2KeWqypc-QNvK9JnlezyfpKCHhH6I3GWer3yPJx0QjQoX2OplFGFQU8o3oWqO40rfy1Rx_-dKZvXtQUoe5sKGT6TpgsSWvXmsfwsZDeVT3OtcnMoIFJ8GdKDsVuHNnHf6Jv73JW0pDEfAYamR9jTAEQb7osJJtRRgQzv9OgXKSP37pGMeBsb0c5YDd4Hy0CqHLMYVI6Mn2a9SesnBnUYjlfSPHBOdStyQO9eXrT0DnRis3GUKV-7-3Do1vMUsznHp-d117LvRkIT2A4x5Xo._2D5vSkLmw6-zcJY1w0_KPWCufM-cFxPNdHCfqIa_K4&dib_tag=se&keywords=jilbab&qid=1757853244&sprefix=j%2Caps%2C724&sr=8-52","zhxinashu Prayer Clothes for Muslim Women, 2 Pcs Jilbab for Muslim Women,Islamic Dress Abaya and Hijab set","19 ratings","$32.89                            $32.89"
"1757853314-10","https://www.amazon.com/s?k=jilbab&crid=CBTZPEAGQRB&sprefix=j%2Caps%2C724&ref=nb_sb_noss_2","","https://www.amazon.com/khalat-Muslim-Prayer-Batwing-Arabian/dp/B0D2QBMHK4/ref=sr_1_51?crid=CBTZPEAGQRB&dib=eyJ2IjoiMSJ9.bGyHONncG-UZqsh9fn8GB9HG2KeWqypc-QNvK9JnlezyfpKCHhH6I3GWer3yPJx0QjQoX2OplFGFQU8o3oWqO40rfy1Rx_-dKZvXtQUoe5sKGT6TpgsSWvXmsfwsZDeVT3OtcnMoIFJ8GdKDsVuHNnHf6Jv73JW0pDEfAYamR9jTAEQb7osJJtRRgQzv9OgXKSP37pGMeBsb0c5YDd4Hy0CqHLMYVI6Mn2a9SesnBnUYjlfSPHBOdStyQO9eXrT0DnRis3GUKV-7-3Do1vMUsznHp-d117LvRkIT2A4x5Xo._2D5vSkLmw6-zcJY1w0_KPWCufM-cFxPNdHCfqIa_K4&dib_tag=se&keywords=jilbab&qid=1757853244&sprefix=j%2Caps%2C724&sr=8-51","Abaya Muslim Dress Women Satin Prayer Dress Batwing Long Sleeve Middle East Arabian Robe with Hijab","67 ratings",""
"1757853318-11","https://www.amazon.com/s?k=jilbab&crid=CBTZPEAGQRB&sprefix=j%2Caps%2C724&ref=nb_sb_noss_2","","https://www.amazon.com/Sleeve-Muslim-Prayer-Clothes-Travel/dp/B0DRYLLYRH/ref=sr_1_50?crid=CBTZPEAGQRB&dib=eyJ2IjoiMSJ9.bGyHONncG-UZqsh9fn8GB9HG2KeWqypc-QNvK9JnlezyfpKCHhH6I3GWer3yPJx0QjQoX2OplFGFQU8o3oWqO40rfy1Rx_-dKZvXtQUoe5sKGT6TpgsSWvXmsfwsZDeVT3OtcnMoIFJ8GdKDsVuHNnHf6Jv73JW0pDEfAYamR9jTAEQb7osJJtRRgQzv9OgXKSP37pGMeBsb0c5YDd4Hy0CqHLMYVI6Mn2a9SesnBnUYjlfSPHBOdStyQO9eXrT0DnRis3GUKV-7-3Do1vMUsznHp-d117LvRkIT2A4x5Xo._2D5vSkLmw6-zcJY1w0_KPWCufM-cFxPNdHCfqIa_K4&dib_tag=se&keywords=jilbab&qid=1757853244&sprefix=j%2Caps%2C724&sr=8-50","Dubai Bat Sleeve Dress Shiny Robe for Women Muslim 1pc Abaya Eid Prayer Clothes Soft Dubai Travel Party Dress Maxi Abaya","16 ratings",""
"1757853329-12","https://www.amazon.com/s?k=jilbab&crid=CBTZPEAGQRB&sprefix=j%2Caps%2C724&ref=nb_sb_noss_2","","https://www.amazon.com/Islamic-Muslim-Abayas-Fashion-Kaftan/dp/B0DPJS14RX/ref=sr_1_49?crid=CBTZPEAGQRB&dib=eyJ2IjoiMSJ9.bGyHONncG-UZqsh9fn8GB9HG2KeWqypc-QNvK9JnlezyfpKCHhH6I3GWer3yPJx0QjQoX2OplFGFQU8o3oWqO40rfy1Rx_-dKZvXtQUoe5sKGT6TpgsSWvXmsfwsZDeVT3OtcnMoIFJ8GdKDsVuHNnHf6Jv73JW0pDEfAYamR9jTAEQb7osJJtRRgQzv9OgXKSP37pGMeBsb0c5YDd4Hy0CqHLMYVI6Mn2a9SesnBnUYjlfSPHBOdStyQO9eXrT0DnRis3GUKV-7-3Do1vMUsznHp-d117LvRkIT2A4x5Xo._2D5vSkLmw6-zcJY1w0_KPWCufM-cFxPNdHCfqIa_K4&dib_tag=se&keywords=jilbab&qid=1757853244&sprefix=j%2Caps%2C724&sr=8-49","Islamic Abaya Dress for Women Muslim Maxi Abayas 2pcs Silky Fashion Dress Set Daily Kaftan Jilbab Outfit Women Eid Robe","16 ratings",""
"1757853339-13","https://www.amazon.com/s?k=jilbab&crid=CBTZPEAGQRB&sprefix=j%2Caps%2C724&ref=nb_sb_noss_2","","https://www.amazon.com/Muslim-Prayer-Lightweight-Sleeves-Islamic/dp/B0CYBYY9P8/ref=sr_1_48?crid=CBTZPEAGQRB&dib=eyJ2IjoiMSJ9.bGyHONncG-UZqsh9fn8GB9HG2KeWqypc-QNvK9JnlezyfpKCHhH6I3GWer3yPJx0QjQoX2OplFGFQU8o3oWqO40rfy1Rx_-dKZvXtQUoe5sKGT6TpgsSWvXmsfwsZDeVT3OtcnMoIFJ8GdKDsVuHNnHf6Jv73JW0pDEfAYamR9jTAEQb7osJJtRRgQzv9OgXKSP37pGMeBsb0c5YDd4Hy0CqHLMYVI6Mn2a9SesnBnUYjlfSPHBOdStyQO9eXrT0DnRis3GUKV-7-3Do1vMUsznHp-d117LvRkIT2A4x5Xo._2D5vSkLmw6-zcJY1w0_KPWCufM-cFxPNdHCfqIa_K4&dib_tag=se&keywords=jilbab&qid=1757853244&sprefix=j%2Caps%2C724&sr=8-48","Women Muslim Prayer Dress Loose Solid Colour Dubai Maxi Dress Lightweight Long Sleeves Islamic Abaya","16 ratings",""
"1757853343-14","https://www.amazon.com/s?k=jilbab&crid=CBTZPEAGQRB&sprefix=j%2Caps%2C724&ref=nb_sb_noss_2","","https://www.amazon.com/Jazvano-Muslim-Prayer-Islamic-Clothes/dp/B0D8J49KSH/ref=sr_1_47?crid=CBTZPEAGQRB&dib=eyJ2IjoiMSJ9.bGyHONncG-UZqsh9fn8GB9HG2KeWqypc-QNvK9JnlezyfpKCHhH6I3GWer3yPJx0QjQoX2OplFGFQU8o3oWqO40rfy1Rx_-dKZvXtQUoe5sKGT6TpgsSWvXmsfwsZDeVT3OtcnMoIFJ8GdKDsVuHNnHf6Jv73JW0pDEfAYamR9jTAEQb7osJJtRRgQzv9OgXKSP37pGMeBsb0c5YDd4Hy0CqHLMYVI6Mn2a9SesnBnUYjlfSPHBOdStyQO9eXrT0DnRis3GUKV-7-3Do1vMUsznHp-d117LvRkIT2A4x5Xo._2D5vSkLmw6-zcJY1w0_KPWCufM-cFxPNdHCfqIa_K4&dib_tag=se&keywords=jilbab&qid=1757853244&sprefix=j%2Caps%2C724&sr=8-47","Abaya Dress for Muslim Eid Prayer Jilbab Dubai Women Maxi Kaftan Islamic Salah Dress Soft Muslim Women Clothes","27 ratings",""
"1757853356-15","https://www.amazon.com/s?k=jilbab&crid=CBTZPEAGQRB&sprefix=j%2Caps%2C724&ref=nb_sb_noss_2","","https://www.amazon.com/Muslim-Middle-Arabian-Islamic-Modest/dp/B0DBPS133Z/ref=sr_1_46?crid=CBTZPEAGQRB&dib=eyJ2IjoiMSJ9.bGyHONncG-UZqsh9fn8GB9HG2KeWqypc-QNvK9JnlezyfpKCHhH6I3GWer3yPJx0QjQoX2OplFGFQU8o3oWqO40rfy1Rx_-dKZvXtQUoe5sKGT6TpgsSWvXmsfwsZDeVT3OtcnMoIFJ8GdKDsVuHNnHf6Jv73JW0pDEfAYamR9jTAEQb7osJJtRRgQzv9OgXKSP37pGMeBsb0c5YDd4Hy0CqHLMYVI6Mn2a9SesnBnUYjlfSPHBOdStyQO9eXrT0DnRis3GUKV-7-3Do1vMUsznHp-d117LvRkIT2A4x5Xo._2D5vSkLmw6-zcJY1w0_KPWCufM-cFxPNdHCfqIa_K4&dib_tag=se&keywords=jilbab&qid=1757853244&sprefix=j%2Caps%2C724&sr=8-46","Women Muslim Dress Middle East Arabian Robe Islamic Modest Dress with Hijab Scarf Lace Sleeve Flowy Abaya Dress","22 ratings","$45.99                            $45.99"
"1757853366-16","https://www.amazon.com/s?k=jilbab&crid=CBTZPEAGQRB&sprefix=j%2Caps%2C724&ref=nb_sb_noss_2","","https://www.amazon.com/MyBatua-Breathable-Georgette-Wholesale-NQ-003/dp/B06X3YXXY1/ref=sr_1_45?crid=CBTZPEAGQRB&dib=eyJ2IjoiMSJ9.bGyHONncG-UZqsh9fn8GB9HG2KeWqypc-QNvK9JnlezyfpKCHhH6I3GWer3yPJx0QjQoX2OplFGFQU8o3oWqO40rfy1Rx_-dKZvXtQUoe5sKGT6TpgsSWvXmsfwsZDeVT3OtcnMoIFJ8GdKDsVuHNnHf6Jv73JW0pDEfAYamR9jTAEQb7osJJtRRgQzv9OgXKSP37pGMeBsb0c5YDd4Hy0CqHLMYVI6Mn2a9SesnBnUYjlfSPHBOdStyQO9eXrT0DnRis3GUKV-7-3Do1vMUsznHp-d117LvRkIT2A4x5Xo._2D5vSkLmw6-zcJY1w0_KPWCufM-cFxPNdHCfqIa_K4&dib_tag=se&keywords=jilbab&qid=1757853244&sprefix=j%2Caps%2C724&sr=8-45","3 Layers Saudi Niqab In Breathable Georgette, Wholesale Price, 1pc Face Veil NQ-003","746 ratings","$19.99                            $19.99"
"1757853373-17","https://www.amazon.com/s?k=jilbab&crid=CBTZPEAGQRB&sprefix=j%2Caps%2C724&ref=nb_sb_noss_2","","https://www.amazon.com/WSPLYSPJY-Dresses-Pockets-Islamic-Clothes/dp/B0D7LDP5KW/ref=sr_1_44?crid=CBTZPEAGQRB&dib=eyJ2IjoiMSJ9.bGyHONncG-UZqsh9fn8GB9HG2KeWqypc-QNvK9JnlezyfpKCHhH6I3GWer3yPJx0QjQoX2OplFGFQU8o3oWqO40rfy1Rx_-dKZvXtQUoe5sKGT6TpgsSWvXmsfwsZDeVT3OtcnMoIFJ8GdKDsVuHNnHf6Jv73JW0pDEfAYamR9jTAEQb7osJJtRRgQzv9OgXKSP37pGMeBsb0c5YDd4Hy0CqHLMYVI6Mn2a9SesnBnUYjlfSPHBOdStyQO9eXrT0DnRis3GUKV-7-3Do1vMUsznHp-d117LvRkIT2A4x5Xo._2D5vSkLmw6-zcJY1w0_KPWCufM-cFxPNdHCfqIa_K4&dib_tag=se&keywords=jilbab&qid=1757853244&sprefix=j%2Caps%2C724&sr=8-44","WSPLYSPJY Solid Color Zipper Abaya Muslim Dresses for Women Girls Pockets Islamic Prayer Clothes","96 ratings",""
"1757853378-18","https://www.amazon.com/s?k=jilbab&crid=CBTZPEAGQRB&sprefix=j%2Caps%2C724&ref=nb_sb_noss_2","","https://www.amazon.com/MERCATUS-Islamic-Niskarakuppayam-Clothes-Jasmine/dp/B0DV9H2DZW/ref=sr_1_43?crid=CBTZPEAGQRB&dib=eyJ2IjoiMSJ9.bGyHONncG-UZqsh9fn8GB9HG2KeWqypc-QNvK9JnlezyfpKCHhH6I3GWer3yPJx0QjQoX2OplFGFQU8o3oWqO40rfy1Rx_-dKZvXtQUoe5sKGT6TpgsSWvXmsfwsZDeVT3OtcnMoIFJ8GdKDsVuHNnHf6Jv73JW0pDEfAYamR9jTAEQb7osJJtRRgQzv9OgXKSP37pGMeBsb0c5YDd4Hy0CqHLMYVI6Mn2a9SesnBnUYjlfSPHBOdStyQO9eXrT0DnRis3GUKV-7-3Do1vMUsznHp-d117LvRkIT2A4x5Xo._2D5vSkLmw6-zcJY1w0_KPWCufM-cFxPNdHCfqIa_K4&dib_tag=se&keywords=jilbab&qid=1757853244&sprefix=j%2Caps%2C724&sr=8-43","MERCATUS One-Piece Islamic Prayer Dress with Attached Hijab & Pouch - Lightweight Crepe Jilbab - Free Size, WHITE","1 rating","$44.99                            $44.99"
"1757853395-19","https://www.amazon.com/s?k=jilbab&crid=CBTZPEAGQRB&sprefix=j%2Caps%2C724&ref=nb_sb_noss_2","","https://www.amazon.com/NoorAlif-Muslim-Islamic-Evergreen-Small-Medium/dp/B0DRNN6TFN/ref=sr_1_42?crid=CBTZPEAGQRB&dib=eyJ2IjoiMSJ9.bGyHONncG-UZqsh9fn8GB9HG2KeWqypc-QNvK9JnlezyfpKCHhH6I3GWer3yPJx0QjQoX2OplFGFQU8o3oWqO40rfy1Rx_-dKZvXtQUoe5sKGT6TpgsSWvXmsfwsZDeVT3OtcnMoIFJ8GdKDsVuHNnHf6Jv73JW0pDEfAYamR9jTAEQb7osJJtRRgQzv9OgXKSP37pGMeBsb0c5YDd4Hy0CqHLMYVI6Mn2a9SesnBnUYjlfSPHBOdStyQO9eXrT0DnRis3GUKV-7-3Do1vMUsznHp-d117LvRkIT2A4x5Xo._2D5vSkLmw6-zcJY1w0_KPWCufM-cFxPNdHCfqIa_K4&dib_tag=se&keywords=jilbab&qid=1757853244&sprefix=j%2Caps%2C724&sr=8-42","Muslim Prayer Dress, Dubai Style Abaya, Islamic Modest Dress for Women","8 ratings",""
"1757853399-20","https://www.amazon.com/s?k=jilbab&crid=CBTZPEAGQRB&sprefix=j%2Caps%2C724&ref=nb_sb_noss_2","","https://www.amazon.com/GERINLY-Womens-Jilbab-Stretch-Coverage/dp/B085H86J21/ref=sr_1_41?crid=CBTZPEAGQRB&dib=eyJ2IjoiMSJ9.bGyHONncG-UZqsh9fn8GB9HG2KeWqypc-QNvK9JnlezyfpKCHhH6I3GWer3yPJx0QjQoX2OplFGFQU8o3oWqO40rfy1Rx_-dKZvXtQUoe5sKGT6TpgsSWvXmsfwsZDeVT3OtcnMoIFJ8GdKDsVuHNnHf6Jv73JW0pDEfAYamR9jTAEQb7osJJtRRgQzv9OgXKSP37pGMeBsb0c5YDd4Hy0CqHLMYVI6Mn2a9SesnBnUYjlfSPHBOdStyQO9eXrT0DnRis3GUKV-7-3Do1vMUsznHp-d117LvRkIT2A4x5Xo._2D5vSkLmw6-zcJY1w0_KPWCufM-cFxPNdHCfqIa_K4&dib_tag=se&keywords=jilbab&qid=1757853244&sprefix=j%2Caps%2C724&sr=8-41","GERINLY Solid Women's Muslin Hijab Sport Head Scarf - Plain Under Scarf Muslimah Turban Cap - Ramadan Accessory","1,309 ratings","$9.99                            $9.99"
"1757853405-21","https://www.amazon.com/s?k=jilbab&crid=CBTZPEAGQRB&sprefix=j%2Caps%2C724&ref=nb_sb_noss_2","","https://www.amazon.com/Womens-Muslim-One-Piece-Prayer-Islamic/dp/B0949KF72P/ref=sr_1_40?crid=CBTZPEAGQRB&dib=eyJ2IjoiMSJ9.bGyHONncG-UZqsh9fn8GB9HG2KeWqypc-QNvK9JnlezyfpKCHhH6I3GWer3yPJx0QjQoX2OplFGFQU8o3oWqO40rfy1Rx_-dKZvXtQUoe5sKGT6TpgsSWvXmsfwsZDeVT3OtcnMoIFJ8GdKDsVuHNnHf6Jv73JW0pDEfAYamR9jTAEQb7osJJtRRgQzv9OgXKSP37pGMeBsb0c5YDd4Hy0CqHLMYVI6Mn2a9SesnBnUYjlfSPHBOdStyQO9eXrT0DnRis3GUKV-7-3Do1vMUsznHp-d117LvRkIT2A4x5Xo._2D5vSkLmw6-zcJY1w0_KPWCufM-cFxPNdHCfqIa_K4&dib_tag=se&keywords=jilbab&qid=1757853244&sprefix=j%2Caps%2C724&sr=8-40","Women's Solid Muslim One-Piece Prayer Dress Abaya Kaftan with Hijab Full Length Dress","263 ratings","$35.98                            $35.98"
"1757853421-22","https://www.amazon.com/s?k=jilbab&crid=CBTZPEAGQRB&sprefix=j%2Caps%2C724&ref=nb_sb_noss_2","","https://www.amazon.com/IKADEX-Prayer-Clothes-Muslim-Islamic/dp/B09YTKCW2R/ref=sr_1_39?crid=CBTZPEAGQRB&dib=eyJ2IjoiMSJ9.bGyHONncG-UZqsh9fn8GB9HG2KeWqypc-QNvK9JnlezyfpKCHhH6I3GWer3yPJx0QjQoX2OplFGFQU8o3oWqO40rfy1Rx_-dKZvXtQUoe5sKGT6TpgsSWvXmsfwsZDeVT3OtcnMoIFJ8GdKDsVuHNnHf6Jv73JW0pDEfAYamR9jTAEQb7osJJtRRgQzv9OgXKSP37pGMeBsb0c5YDd4Hy0CqHLMYVI6Mn2a9SesnBnUYjlfSPHBOdStyQO9eXrT0DnRis3GUKV-7-3Do1vMUsznHp-d117LvRkIT2A4x5Xo._2D5vSkLmw6-zcJY1w0_KPWCufM-cFxPNdHCfqIa_K4&dib_tag=se&keywords=jilbab&qid=1757853244&sprefix=j%2Caps%2C724&sr=8-39","Prayer Clothes for Muslim Women Islamic Abaya Suit Maxi Skirt + Khimar Hijab 2pcss Burka Jilbab Kaftan","124 ratings",""
"1757853427-23","https://www.amazon.com/s?k=jilbab&crid=CBTZPEAGQRB&sprefix=j%2Caps%2C724&ref=nb_sb_noss_2","","https://www.amazon.com/Jazvano-Classic-Prayer-Clothes-Islamic/dp/B0D4YMYBJM/ref=sr_1_38?crid=CBTZPEAGQRB&dib=eyJ2IjoiMSJ9.bGyHONncG-UZqsh9fn8GB9HG2KeWqypc-QNvK9JnlezyfpKCHhH6I3GWer3yPJx0QjQoX2OplFGFQU8o3oWqO40rfy1Rx_-dKZvXtQUoe5sKGT6TpgsSWvXmsfwsZDeVT3OtcnMoIFJ8GdKDsVuHNnHf6Jv73JW0pDEfAYamR9jTAEQb7osJJtRRgQzv9OgXKSP37pGMeBsb0c5YDd4Hy0CqHLMYVI6Mn2a9SesnBnUYjlfSPHBOdStyQO9eXrT0DnRis3GUKV-7-3Do1vMUsznHp-d117LvRkIT2A4x5Xo._2D5vSkLmw6-zcJY1w0_KPWCufM-cFxPNdHCfqIa_K4&dib_tag=se&keywords=jilbab&qid=1757853244&sprefix=j%2Caps%2C724&sr=8-38","Jazvano Women Classic Abaya Dress Eid Prayer Clothes Dubai Women Robe Islamic Salah Muslim Robe Soft Jilbab","39 ratings",""
"1757853436-24","https://www.amazon.com/s?k=jilbab&crid=CBTZPEAGQRB&sprefix=j%2Caps%2C724&ref=nb_sb_noss_2","","https://www.amazon.com/Niqab-Chiffon-Quality-Islamic-Jilbab/dp/B0BWJTH77Q/ref=sr_1_37?crid=CBTZPEAGQRB&dib=eyJ2IjoiMSJ9.bGyHONncG-UZqsh9fn8GB9HG2KeWqypc-QNvK9JnlezyfpKCHhH6I3GWer3yPJx0QjQoX2OplFGFQU8o3oWqO40rfy1Rx_-dKZvXtQUoe5sKGT6TpgsSWvXmsfwsZDeVT3OtcnMoIFJ8GdKDsVuHNnHf6Jv73JW0pDEfAYamR9jTAEQb7osJJtRRgQzv9OgXKSP37pGMeBsb0c5YDd4Hy0CqHLMYVI6Mn2a9SesnBnUYjlfSPHBOdStyQO9eXrT0DnRis3GUKV-7-3Do1vMUsznHp-d117LvRkIT2A4x5Xo._2D5vSkLmw6-zcJY1w0_KPWCufM-cFxPNdHCfqIa_K4&dib_tag=se&keywords=jilbab&qid=1757853244&sprefix=j%2Caps%2C724&sr=8-37","Niqab Saudi Chiffon First Class Quality Long Burqa Hijab Face Cover Veil Islam Islamic Jilbab (Black x Light Blue Satin)","1 rating","$19.96                            $19.96"
"1757853449-25","https://www.amazon.com/s?k=jilbab&crid=CBTZPEAGQRB&sprefix=j%2Caps%2C724&ref=nb_sb_noss_2","","https://www.amazon.com/Cadymile-Womens-Pockets-Islamic-Clothes/dp/B0D97Z3DWB/ref=sr_1_36?crid=CBTZPEAGQRB&dib=eyJ2IjoiMSJ9.bGyHONncG-UZqsh9fn8GB9HG2KeWqypc-QNvK9JnlezyfpKCHhH6I3GWer3yPJx0QjQoX2OplFGFQU8o3oWqO40rfy1Rx_-dKZvXtQUoe5sKGT6TpgsSWvXmsfwsZDeVT3OtcnMoIFJ8GdKDsVuHNnHf6Jv73JW0pDEfAYamR9jTAEQb7osJJtRRgQzv9OgXKSP37pGMeBsb0c5YDd4Hy0CqHLMYVI6Mn2a9SesnBnUYjlfSPHBOdStyQO9eXrT0DnRis3GUKV-7-3Do1vMUsznHp-d117LvRkIT2A4x5Xo._2D5vSkLmw6-zcJY1w0_KPWCufM-cFxPNdHCfqIa_K4&dib_tag=se&keywords=jilbab&qid=1757853244&sprefix=j%2Caps%2C724&sr=8-36","Womens Muslim Abaya Dress Front Zipper 2 Pockets Long Sleeve Prayer Islamic Clothes","17 ratings",""
"1757853455-26","https://www.amazon.com/s?k=jilbab&crid=CBTZPEAGQRB&sprefix=j%2Caps%2C724&ref=nb_sb_noss_2","","https://www.amazon.com/Modish-Group-Clothes-Outfits-Turkish/dp/B09TT73NGL/ref=sr_1_35?crid=CBTZPEAGQRB&dib=eyJ2IjoiMSJ9.bGyHONncG-UZqsh9fn8GB9HG2KeWqypc-QNvK9JnlezyfpKCHhH6I3GWer3yPJx0QjQoX2OplFGFQU8o3oWqO40rfy1Rx_-dKZvXtQUoe5sKGT6TpgsSWvXmsfwsZDeVT3OtcnMoIFJ8GdKDsVuHNnHf6Jv73JW0pDEfAYamR9jTAEQb7osJJtRRgQzv9OgXKSP37pGMeBsb0c5YDd4Hy0CqHLMYVI6Mn2a9SesnBnUYjlfSPHBOdStyQO9eXrT0DnRis3GUKV-7-3Do1vMUsznHp-d117LvRkIT2A4x5Xo._2D5vSkLmw6-zcJY1w0_KPWCufM-cFxPNdHCfqIa_K4&dib_tag=se&keywords=jilbab&qid=1757853244&sprefix=j%2Caps%2C724&sr=8-35","Women Prayer Clothes with Hijab Muslim Outfits Long Robe Abaya Turkish Islamic Dresses Dubai Kaftan with Rosary","414 ratings","$23.90                            $23.90"
"1757853470-27","https://www.amazon.com/s?k=jilbab&crid=CBTZPEAGQRB&sprefix=j%2Caps%2C724&ref=nb_sb_noss_2","","https://www.amazon.com/khalat-Womens-Muslim-Prayer-Islamic/dp/B0CMG7P5C4/ref=sr_1_34?crid=CBTZPEAGQRB&dib=eyJ2IjoiMSJ9.bGyHONncG-UZqsh9fn8GB9HG2KeWqypc-QNvK9JnlezyfpKCHhH6I3GWer3yPJx0QjQoX2OplFGFQU8o3oWqO40rfy1Rx_-dKZvXtQUoe5sKGT6TpgsSWvXmsfwsZDeVT3OtcnMoIFJ8GdKDsVuHNnHf6Jv73JW0pDEfAYamR9jTAEQb7osJJtRRgQzv9OgXKSP37pGMeBsb0c5YDd4Hy0CqHLMYVI6Mn2a9SesnBnUYjlfSPHBOdStyQO9eXrT0DnRis3GUKV-7-3Do1vMUsznHp-d117LvRkIT2A4x5Xo._2D5vSkLmw6-zcJY1w0_KPWCufM-cFxPNdHCfqIa_K4&dib_tag=se&keywords=jilbab&qid=1757853244&sprefix=j%2Caps%2C724&sr=8-34","khalat Womens Muslim Prayer Dress Front Zipper Kaftan Islamic Robe Modest Solid Abayas for Women Muslim","23 ratings","$34.99                            $34.99"
"1757853478-28","https://www.amazon.com/s?k=jilbab&crid=CBTZPEAGQRB&sprefix=j%2Caps%2C724&ref=nb_sb_noss_2","","https://www.amazon.com/Womens-One-Piece-Muslim-Overhead-Ramadan/dp/B09TK71HJS/ref=sr_1_33?crid=CBTZPEAGQRB&dib=eyJ2IjoiMSJ9.bGyHONncG-UZqsh9fn8GB9HG2KeWqypc-QNvK9JnlezyfpKCHhH6I3GWer3yPJx0QjQoX2OplFGFQU8o3oWqO40rfy1Rx_-dKZvXtQUoe5sKGT6TpgsSWvXmsfwsZDeVT3OtcnMoIFJ8GdKDsVuHNnHf6Jv73JW0pDEfAYamR9jTAEQb7osJJtRRgQzv9OgXKSP37pGMeBsb0c5YDd4Hy0CqHLMYVI6Mn2a9SesnBnUYjlfSPHBOdStyQO9eXrT0DnRis3GUKV-7-3Do1vMUsznHp-d117LvRkIT2A4x5Xo._2D5vSkLmw6-zcJY1w0_KPWCufM-cFxPNdHCfqIa_K4&dib_tag=se&keywords=jilbab&qid=1757853244&sprefix=j%2Caps%2C724&sr=8-33","khalat Women's One-Piece Muslim Abaya Dress Large Overhead Prayer Ramadan Long Hijab Dress","181 ratings",""
"1757853484-29","https://www.amazon.com/s?k=jilbab&crid=CBTZPEAGQRB&sprefix=j%2Caps%2C724&ref=nb_sb_noss_2","","https://www.amazon.com/Ababalaya-Elegant-Islamic-Ramadan-Lightweight/dp/B0772M6D7T/ref=sr_1_32?crid=CBTZPEAGQRB&dib=eyJ2IjoiMSJ9.bGyHONncG-UZqsh9fn8GB9HG2KeWqypc-QNvK9JnlezyfpKCHhH6I3GWer3yPJx0QjQoX2OplFGFQU8o3oWqO40rfy1Rx_-dKZvXtQUoe5sKGT6TpgsSWvXmsfwsZDeVT3OtcnMoIFJ8GdKDsVuHNnHf6Jv73JW0pDEfAYamR9jTAEQb7osJJtRRgQzv9OgXKSP37pGMeBsb0c5YDd4Hy0CqHLMYVI6Mn2a9SesnBnUYjlfSPHBOdStyQO9eXrT0DnRis3GUKV-7-3Do1vMUsznHp-d117LvRkIT2A4x5Xo._2D5vSkLmw6-zcJY1w0_KPWCufM-cFxPNdHCfqIa_K4&dib_tag=se&keywords=jilbab&qid=1757853244&sprefix=j%2Caps%2C724&sr=8-32","Ababalaya Women's Elegant Modest Muslim Islamic Ramadan Soft Lightweight Jersey Hijab Long Scarf","1,538 ratings",""
"1757853497-30","https://www.amazon.com/s?k=jilbab&crid=CBTZPEAGQRB&sprefix=j%2Caps%2C724&ref=nb_sb_noss_2","","https://www.amazon.com/khalat-Womens-Muslim-One-Piece-Hoodied/dp/B0BHYZYRPX/ref=sr_1_31?crid=CBTZPEAGQRB&dib=eyJ2IjoiMSJ9.bGyHONncG-UZqsh9fn8GB9HG2KeWqypc-QNvK9JnlezyfpKCHhH6I3GWer3yPJx0QjQoX2OplFGFQU8o3oWqO40rfy1Rx_-dKZvXtQUoe5sKGT6TpgsSWvXmsfwsZDeVT3OtcnMoIFJ8GdKDsVuHNnHf6Jv73JW0pDEfAYamR9jTAEQb7osJJtRRgQzv9OgXKSP37pGMeBsb0c5YDd4Hy0CqHLMYVI6Mn2a9SesnBnUYjlfSPHBOdStyQO9eXrT0DnRis3GUKV-7-3Do1vMUsznHp-d117LvRkIT2A4x5Xo._2D5vSkLmw6-zcJY1w0_KPWCufM-cFxPNdHCfqIa_K4&dib_tag=se&keywords=jilbab&qid=1757853244&sprefix=j%2Caps%2C724&sr=8-31","khalat Women's Solid Abaya Muslim Dress One-Piece Full Length Prayer Robe Overall Hijab Thobe Hooded Abaya Dress","127 ratings","$39.99                            $39.99"
"1757853514-31","https://www.amazon.com/s?k=jilbab&crid=CBTZPEAGQRB&sprefix=j%2Caps%2C724&ref=nb_sb_noss_2","","https://www.amazon.com/WSPLYSPJY-Womens-Islamic-Pockets-Clothes/dp/B0CT5NK3Q7/ref=sr_1_30?crid=CBTZPEAGQRB&dib=eyJ2IjoiMSJ9.bGyHONncG-UZqsh9fn8GB9HG2KeWqypc-QNvK9JnlezyfpKCHhH6I3GWer3yPJx0QjQoX2OplFGFQU8o3oWqO40rfy1Rx_-dKZvXtQUoe5sKGT6TpgsSWvXmsfwsZDeVT3OtcnMoIFJ8GdKDsVuHNnHf6Jv73JW0pDEfAYamR9jTAEQb7osJJtRRgQzv9OgXKSP37pGMeBsb0c5YDd4Hy0CqHLMYVI6Mn2a9SesnBnUYjlfSPHBOdStyQO9eXrT0DnRis3GUKV-7-3Do1vMUsznHp-d117LvRkIT2A4x5Xo._2D5vSkLmw6-zcJY1w0_KPWCufM-cFxPNdHCfqIa_K4&dib_tag=se&keywords=jilbab&qid=1757853244&sprefix=j%2Caps%2C724&sr=8-30","WSPLYSPJY Womens Muslim Abaya Dress Zipper Islamic Robe Pockets Maxi Prayer Clothes with Hijabs","138 ratings",""
"1757853528-32","https://www.amazon.com/s?k=jilbab&crid=CBTZPEAGQRB&sprefix=j%2Caps%2C724&ref=nb_sb_noss_2","","https://www.amazon.com/Prien-Prayer-Islamic-Clothes-Ramadan/dp/B0CGC99VSR/ref=sr_1_29?crid=CBTZPEAGQRB&dib=eyJ2IjoiMSJ9.bGyHONncG-UZqsh9fn8GB9HG2KeWqypc-QNvK9JnlezyfpKCHhH6I3GWer3yPJx0QjQoX2OplFGFQU8o3oWqO40rfy1Rx_-dKZvXtQUoe5sKGT6TpgsSWvXmsfwsZDeVT3OtcnMoIFJ8GdKDsVuHNnHf6Jv73JW0pDEfAYamR9jTAEQb7osJJtRRgQzv9OgXKSP37pGMeBsb0c5YDd4Hy0CqHLMYVI6Mn2a9SesnBnUYjlfSPHBOdStyQO9eXrT0DnRis3GUKV-7-3Do1vMUsznHp-d117LvRkIT2A4x5Xo._2D5vSkLmw6-zcJY1w0_KPWCufM-cFxPNdHCfqIa_K4&dib_tag=se&keywords=jilbab&qid=1757853244&sprefix=j%2Caps%2C724&sr=8-29","Prien Women Prayer Dress With Hijab Rug Tasbih Muslim Set Islamic Clothes Abaya Jilbab Dubai Kaftan For Eid Ramadan","229 ratings","$27.90                            $27.90"
"1757853551-33","https://www.amazon.com/s?k=jilbab&crid=CBTZPEAGQRB&sprefix=j%2Caps%2C724&ref=nb_sb_noss_2","","https://www.amazon.com/IKADEX-Jilbab-Muslim-One-Piece-Islamic/dp/B0C3KVWX1B/ref=sr_1_28?crid=CBTZPEAGQRB&dib=eyJ2IjoiMSJ9.bGyHONncG-UZqsh9fn8GB9HG2KeWqypc-QNvK9JnlezyfpKCHhH6I3GWer3yPJx0QjQoX2OplFGFQU8o3oWqO40rfy1Rx_-dKZvXtQUoe5sKGT6TpgsSWvXmsfwsZDeVT3OtcnMoIFJ8GdKDsVuHNnHf6Jv73JW0pDEfAYamR9jTAEQb7osJJtRRgQzv9OgXKSP37pGMeBsb0c5YDd4Hy0CqHLMYVI6Mn2a9SesnBnUYjlfSPHBOdStyQO9eXrT0DnRis3GUKV-7-3Do1vMUsznHp-d117LvRkIT2A4x5Xo._2D5vSkLmw6-zcJY1w0_KPWCufM-cFxPNdHCfqIa_K4&dib_tag=se&keywords=jilbab&qid=1757853244&sprefix=j%2Caps%2C724&sr=8-28","IKADEX Jilbab for Muslim Women Hooded Abaya Kaftan Dress Hijab Chador One-Piece Loose Fit Arabic Islamic Prayer Robe","59 ratings",""
"1757853560-34","https://www.amazon.com/s?k=jilbab&crid=CBTZPEAGQRB&sprefix=j%2Caps%2C724&ref=nb_sb_noss_2","","https://www.amazon.com/Prien-Muslim-Instant-Clothes-Islamic/dp/B0BXK242YH/ref=sr_1_27?crid=CBTZPEAGQRB&dib=eyJ2IjoiMSJ9.bGyHONncG-UZqsh9fn8GB9HG2KeWqypc-QNvK9JnlezyfpKCHhH6I3GWer3yPJx0QjQoX2OplFGFQU8o3oWqO40rfy1Rx_-dKZvXtQUoe5sKGT6TpgsSWvXmsfwsZDeVT3OtcnMoIFJ8GdKDsVuHNnHf6Jv73JW0pDEfAYamR9jTAEQb7osJJtRRgQzv9OgXKSP37pGMeBsb0c5YDd4Hy0CqHLMYVI6Mn2a9SesnBnUYjlfSPHBOdStyQO9eXrT0DnRis3GUKV-7-3Do1vMUsznHp-d117LvRkIT2A4x5Xo._2D5vSkLmw6-zcJY1w0_KPWCufM-cFxPNdHCfqIa_K4&dib_tag=se&keywords=jilbab&qid=1757853244&sprefix=j%2Caps%2C724&sr=8-27","Prien Muslim Dress For Women With Hijab, Abaya, Instant Prayer Clothes Set, Islamic Wear, Dubai Kaftan Jilbab Burqa","278 ratings",""
"1757853577-35","https://www.amazon.com/s?k=jilbab&crid=CBTZPEAGQRB&sprefix=j%2Caps%2C724&ref=nb_sb_noss_2","","https://www.amazon.com/khalat-Muslim-Stretch-V-shaped-Fashion/dp/B0DRC4R61V/ref=sr_1_26?crid=CBTZPEAGQRB&dib=eyJ2IjoiMSJ9.bGyHONncG-UZqsh9fn8GB9HG2KeWqypc-QNvK9JnlezyfpKCHhH6I3GWer3yPJx0QjQoX2OplFGFQU8o3oWqO40rfy1Rx_-dKZvXtQUoe5sKGT6TpgsSWvXmsfwsZDeVT3OtcnMoIFJ8GdKDsVuHNnHf6Jv73JW0pDEfAYamR9jTAEQb7osJJtRRgQzv9OgXKSP37pGMeBsb0c5YDd4Hy0CqHLMYVI6Mn2a9SesnBnUYjlfSPHBOdStyQO9eXrT0DnRis3GUKV-7-3Do1vMUsznHp-d117LvRkIT2A4x5Xo._2D5vSkLmw6-zcJY1w0_KPWCufM-cFxPNdHCfqIa_K4&dib_tag=se&keywords=jilbab&qid=1757853244&sprefix=j%2Caps%2C724&sr=8-26","khalat Muslim Stretch Hijab Solid Color Full Cover Hijab for Women V-shaped Fashion Daily Prayer Hijab","12 ratings","$32.99                            $32.99"
"1757853585-36","https://www.amazon.com/s?k=jilbab&crid=CBTZPEAGQRB&sprefix=j%2Caps%2C724&ref=nb_sb_noss_2","","https://www.amazon.com/Zofocy-Sleeve-Muslim-Islamic-Clothes/dp/B0CNXJZC5Z/ref=sr_1_25?crid=CBTZPEAGQRB&dib=eyJ2IjoiMSJ9.bGyHONncG-UZqsh9fn8GB9HG2KeWqypc-QNvK9JnlezyfpKCHhH6I3GWer3yPJx0QjQoX2OplFGFQU8o3oWqO40rfy1Rx_-dKZvXtQUoe5sKGT6TpgsSWvXmsfwsZDeVT3OtcnMoIFJ8GdKDsVuHNnHf6Jv73JW0pDEfAYamR9jTAEQb7osJJtRRgQzv9OgXKSP37pGMeBsb0c5YDd4Hy0CqHLMYVI6Mn2a9SesnBnUYjlfSPHBOdStyQO9eXrT0DnRis3GUKV-7-3Do1vMUsznHp-d117LvRkIT2A4x5Xo._2D5vSkLmw6-zcJY1w0_KPWCufM-cFxPNdHCfqIa_K4&dib_tag=se&keywords=jilbab&qid=1757853244&sprefix=j%2Caps%2C724&sr=8-25","Women Long Sleeve Abaya Muslim Prayer Dress One Piece Arab Islamic Clothes Hooded Maxi Dress","32 ratings","$35.99                            $35.99"
"1757853592-37","https://www.amazon.com/s?k=jilbab&crid=CBTZPEAGQRB&sprefix=j%2Caps%2C724&ref=nb_sb_noss_2","","https://www.amazon.com/Muslim-1Piece-Sleeve-Islamic-Fashion/dp/B0DR2L66NF/ref=sr_1_24?crid=CBTZPEAGQRB&dib=eyJ2IjoiMSJ9.bGyHONncG-UZqsh9fn8GB9HG2KeWqypc-QNvK9JnlezyfpKCHhH6I3GWer3yPJx0QjQoX2OplFGFQU8o3oWqO40rfy1Rx_-dKZvXtQUoe5sKGT6TpgsSWvXmsfwsZDeVT3OtcnMoIFJ8GdKDsVuHNnHf6Jv73JW0pDEfAYamR9jTAEQb7osJJtRRgQzv9OgXKSP37pGMeBsb0c5YDd4Hy0CqHLMYVI6Mn2a9SesnBnUYjlfSPHBOdStyQO9eXrT0DnRis3GUKV-7-3Do1vMUsznHp-d117LvRkIT2A4x5Xo._2D5vSkLmw6-zcJY1w0_KPWCufM-cFxPNdHCfqIa_K4&dib_tag=se&keywords=jilbab&qid=1757853244&sprefix=j%2Caps%2C724&sr=8-24","Women Muslim Abaya Dress 1Piece Bat Sleeve Islamic Maxi Robe Fashion Jilbab for Women Eid Kaftan Muslim Robe","18 ratings",""
"1757853598-38","https://www.amazon.com/s?k=jilbab&crid=CBTZPEAGQRB&sprefix=j%2Caps%2C724&ref=nb_sb_noss_2","","https://www.amazon.com/Lenmipot-Islamic-Jilbab-Fashion-Outfits/dp/B0D2R6K1Y1/ref=sr_1_23?crid=CBTZPEAGQRB&dib=eyJ2IjoiMSJ9.bGyHONncG-UZqsh9fn8GB9HG2KeWqypc-QNvK9JnlezyfpKCHhH6I3GWer3yPJx0QjQoX2OplFGFQU8o3oWqO40rfy1Rx_-dKZvXtQUoe5sKGT6TpgsSWvXmsfwsZDeVT3OtcnMoIFJ8GdKDsVuHNnHf6Jv73JW0pDEfAYamR9jTAEQb7osJJtRRgQzv9OgXKSP37pGMeBsb0c5YDd4Hy0CqHLMYVI6Mn2a9SesnBnUYjlfSPHBOdStyQO9eXrT0DnRis3GUKV-7-3Do1vMUsznHp-d117LvRkIT2A4x5Xo._2D5vSkLmw6-zcJY1w0_KPWCufM-cFxPNdHCfqIa_K4&dib_tag=se&keywords=jilbab&qid=1757853244&sprefix=j%2Caps%2C724&sr=8-23","Lenmipot Islamic Women Jilbab Abayas Muslim Abaya Dress for Women Middle East Kaftan Dubai Dress Eid Prayer Clothes","16 ratings","$34.99                            $34.99"
"1757853604-39","https://www.amazon.com/s?k=jilbab&crid=CBTZPEAGQRB&sprefix=j%2Caps%2C724&ref=nb_sb_noss_2","","https://www.amazon.com/sspa/click?ie=UTF8&spc=MTo1MjkzNDQzNjg0NTIzNTYwOjE3NTc4NTMyNDQ6c3BfbXRmOjMwMDAyMjE5MTIzODgwMjo6MDo6&url=%2Fkhalat-Muslim-Breathable-Islamic-Instant%2Fdp%2FB0C36ZZR1P%2Fref%3Dsr_1_22_sspa%3Fcrid%3DCBTZPEAGQRB%26dib%3DeyJ2IjoiMSJ9.bGyHONncG-UZqsh9fn8GB9HG2KeWqypc-QNvK9JnlezyfpKCHhH6I3GWer3yPJx0QjQoX2OplFGFQU8o3oWqO40rfy1Rx_-dKZvXtQUoe5sKGT6TpgsSWvXmsfwsZDeVT3OtcnMoIFJ8GdKDsVuHNnHf6Jv73JW0pDEfAYamR9jTAEQb7osJJtRRgQzv9OgXKSP37pGMeBsb0c5YDd4Hy0CqHLMYVI6Mn2a9SesnBnUYjlfSPHBOdStyQO9eXrT0DnRis3GUKV-7-3Do1vMUsznHp-d117LvRkIT2A4x5Xo._2D5vSkLmw6-zcJY1w0_KPWCufM-cFxPNdHCfqIa_K4%26dib_tag%3Dse%26keywords%3Djilbab%26qid%3D1757853244%26sprefix%3Dj%252Caps%252C724%26sr%3D8-22-spons%26sp_csd%3Dd2lkZ2V0TmFtZT1zcF9tdGY%26psc%3D1","Khalat Muslim Prayer Hijab - 2 Layers Soft Breathable Islamic Dubai Women's Instant Long Hijab","87 ratings","$29.99                            $29.99"
"1757853611-40","https://www.amazon.com/s?k=jilbab&crid=CBTZPEAGQRB&sprefix=j%2Caps%2C724&ref=nb_sb_noss_2","","https://www.amazon.com/sspa/click?ie=UTF8&spc=MTo1MjkzNDQzNjg0NTIzNTYwOjE3NTc4NTMyNDQ6c3BfbXRmOjIwMDE1NzMxNDg5MzY5ODo6MDo6&url=%2FFPOVFPO-Womens-Islamic-Ramadan-Lightweight%2Fdp%2FB0C347CDN7%2Fref%3Dsr_1_21_sspa%3Fcrid%3DCBTZPEAGQRB%26dib%3DeyJ2IjoiMSJ9.bGyHONncG-UZqsh9fn8GB9HG2KeWqypc-QNvK9JnlezyfpKCHhH6I3GWer3yPJx0QjQoX2OplFGFQU8o3oWqO40rfy1Rx_-dKZvXtQUoe5sKGT6TpgsSWvXmsfwsZDeVT3OtcnMoIFJ8GdKDsVuHNnHf6Jv73JW0pDEfAYamR9jTAEQb7osJJtRRgQzv9OgXKSP37pGMeBsb0c5YDd4Hy0CqHLMYVI6Mn2a9SesnBnUYjlfSPHBOdStyQO9eXrT0DnRis3GUKV-7-3Do1vMUsznHp-d117LvRkIT2A4x5Xo._2D5vSkLmw6-zcJY1w0_KPWCufM-cFxPNdHCfqIa_K4%26dib_tag%3Dse%26keywords%3Djilbab%26qid%3D1757853244%26sprefix%3Dj%252Caps%252C724%26sr%3D8-21-spons%26sp_csd%3Dd2lkZ2V0TmFtZT1zcF9tdGY%26psc%3D1","FPOVFPO Hijab for Women's Muslim Jilbab Islamic Ramadan Solid Color Soft Lightweight Long Scarf","6 ratings","$29.99                            $29.99"
"1757853629-41","https://www.amazon.com/s?k=jilbab&crid=CBTZPEAGQRB&sprefix=j%2Caps%2C724&ref=nb_sb_noss_2","","https://www.amazon.com/sspa/click?ie=UTF8&spc=MTo1MjkzNDQzNjg0NTIzNTYwOjE3NTc4NTMyNDQ6c3BfbXRmOjMwMDg0Mjk5MjQxMjEwMjo6MDo6&url=%2FOBEEII-Ramadan-Islamic-Toddler-Clothes%2Fdp%2FB0DX1PZ5CZ%2Fref%3Dsr_1_20_sspa%3Fcrid%3DCBTZPEAGQRB%26dib%3DeyJ2IjoiMSJ9.bGyHONncG-UZqsh9fn8GB9HG2KeWqypc-QNvK9JnlezyfpKCHhH6I3GWer3yPJx0QjQoX2OplFGFQU8o3oWqO40rfy1Rx_-dKZvXtQUoe5sKGT6TpgsSWvXmsfwsZDeVT3OtcnMoIFJ8GdKDsVuHNnHf6Jv73JW0pDEfAYamR9jTAEQb7osJJtRRgQzv9OgXKSP37pGMeBsb0c5YDd4Hy0CqHLMYVI6Mn2a9SesnBnUYjlfSPHBOdStyQO9eXrT0DnRis3GUKV-7-3Do1vMUsznHp-d117LvRkIT2A4x5Xo._2D5vSkLmw6-zcJY1w0_KPWCufM-cFxPNdHCfqIa_K4%26dib_tag%3Dse%26keywords%3Djilbab%26qid%3D1757853244%26sprefix%3Dj%252Caps%252C724%26sr%3D8-20-spons%26sp_csd%3Dd2lkZ2V0TmFtZT1zcF9tdGY%26psc%3D1","OBEEII Girls Muslim Ramadan Abaya Kids Long Sleeve V Neck Lace Prayer Dress Middle East Arabic Kaftan Dress with Belt","4 ratings","$37.15                            $37.15"
"1757853634-42","https://www.amazon.com/s?k=jilbab&crid=CBTZPEAGQRB&sprefix=j%2Caps%2C724&ref=nb_sb_noss_2","","https://www.amazon.com/sspa/click?ie=UTF8&spc=MTo1MjkzNDQzNjg0NTIzNTYwOjE3NTc4NTMyNDQ6c3BfbXRmOjMwMDY0ODM0MzExNjYwMjo6MDo6&url=%2FLenmipot-Muslim-Abayas-Islamic-Fashion%2Fdp%2FB0DPHJ1GT8%2Fref%3Dsr_1_19_sspa%3Fcrid%3DCBTZPEAGQRB%26dib%3DeyJ2IjoiMSJ9.bGyHONncG-UZqsh9fn8GB9HG2KeWqypc-QNvK9JnlezyfpKCHhH6I3GWer3yPJx0QjQoX2OplFGFQU8o3oWqO40rfy1Rx_-dKZvXtQUoe5sKGT6TpgsSWvXmsfwsZDeVT3OtcnMoIFJ8GdKDsVuHNnHf6Jv73JW0pDEfAYamR9jTAEQb7osJJtRRgQzv9OgXKSP37pGMeBsb0c5YDd4Hy0CqHLMYVI6Mn2a9SesnBnUYjlfSPHBOdStyQO9eXrT0DnRis3GUKV-7-3Do1vMUsznHp-d117LvRkIT2A4x5Xo._2D5vSkLmw6-zcJY1w0_KPWCufM-cFxPNdHCfqIa_K4%26dib_tag%3Dse%26keywords%3Djilbab%26qid%3D1757853244%26sprefix%3Dj%252Caps%252C724%26sr%3D8-19-spons%26sp_csd%3Dd2lkZ2V0TmFtZT1zcF9tdGY%26psc%3D1","Lenmipot Muslim Women Abayas Islamic Abaya Dress for Women Back Zipper Jilbab 1pc Eid Kaftan Fashion Dress Daily Outfit","11 ratings","$29.99                            $29.99"
"1757853641-43","https://www.amazon.com/s?k=jilbab&crid=CBTZPEAGQRB&sprefix=j%2Caps%2C724&ref=nb_sb_noss_2","","https://www.amazon.com/Jazvano-Jilbab-Clothes-Islamic-Arabian/dp/B0CQ7LBZJF/ref=sr_1_18?crid=CBTZPEAGQRB&dib=eyJ2IjoiMSJ9.bGyHONncG-UZqsh9fn8GB9HG2KeWqypc-QNvK9JnlezyfpKCHhH6I3GWer3yPJx0QjQoX2OplFGFQU8o3oWqO40rfy1Rx_-dKZvXtQUoe5sKGT6TpgsSWvXmsfwsZDeVT3OtcnMoIFJ8GdKDsVuHNnHf6Jv73JW0pDEfAYamR9jTAEQb7osJJtRRgQzv9OgXKSP37pGMeBsb0c5YDd4Hy0CqHLMYVI6Mn2a9SesnBnUYjlfSPHBOdStyQO9eXrT0DnRis3GUKV-7-3Do1vMUsznHp-d117LvRkIT2A4x5Xo._2D5vSkLmw6-zcJY1w0_KPWCufM-cFxPNdHCfqIa_K4&dib_tag=se&keywords=jilbab&qid=1757853244&sprefix=j%2Caps%2C724&sr=8-18","Jazvano Abaya Dress for women 1pc Eid Jilbab Muslim Prayer Clothes Islamic Modest Abayas Dubai Salah Robe","47 ratings","$39.99                            $39.99"
"1757853649-44","https://www.amazon.com/s?k=jilbab&crid=CBTZPEAGQRB&sprefix=j%2Caps%2C724&ref=nb_sb_noss_2","","https://www.amazon.com/khalat-Islamic-Prayer-Lightweight-Sleeve/dp/B09PDH2Y1Y/ref=sr_1_17?crid=CBTZPEAGQRB&dib=eyJ2IjoiMSJ9.bGyHONncG-UZqsh9fn8GB9HG2KeWqypc-QNvK9JnlezyfpKCHhH6I3GWer3yPJx0QjQoX2OplFGFQU8o3oWqO40rfy1Rx_-dKZvXtQUoe5sKGT6TpgsSWvXmsfwsZDeVT3OtcnMoIFJ8GdKDsVuHNnHf6Jv73JW0pDEfAYamR9jTAEQb7osJJtRRgQzv9OgXKSP37pGMeBsb0c5YDd4Hy0CqHLMYVI6Mn2a9SesnBnUYjlfSPHBOdStyQO9eXrT0DnRis3GUKV-7-3Do1vMUsznHp-d117LvRkIT2A4x5Xo._2D5vSkLmw6-zcJY1w0_KPWCufM-cFxPNdHCfqIa_K4&dib_tag=se&keywords=jilbab&qid=1757853244&sprefix=j%2Caps%2C724&sr=8-17","khalat Islamic Women Prayer Dress 1PC Lightweight Arab Bat Sleeve Abaya Modest Maxi Jilbab","177 ratings","$39.99                            $39.99"
"1757853656-45","https://www.amazon.com/s?k=jilbab&crid=CBTZPEAGQRB&sprefix=j%2Caps%2C724&ref=nb_sb_noss_2","","https://www.amazon.com/Prien-Turkish-Praying-Islamic-Clothes/dp/B0F7F6G4R6/ref=sr_1_16?crid=CBTZPEAGQRB&dib=eyJ2IjoiMSJ9.bGyHONncG-UZqsh9fn8GB9HG2KeWqypc-QNvK9JnlezyfpKCHhH6I3GWer3yPJx0QjQoX2OplFGFQU8o3oWqO40rfy1Rx_-dKZvXtQUoe5sKGT6TpgsSWvXmsfwsZDeVT3OtcnMoIFJ8GdKDsVuHNnHf6Jv73JW0pDEfAYamR9jTAEQb7osJJtRRgQzv9OgXKSP37pGMeBsb0c5YDd4Hy0CqHLMYVI6Mn2a9SesnBnUYjlfSPHBOdStyQO9eXrT0DnRis3GUKV-7-3Do1vMUsznHp-d117LvRkIT2A4x5Xo._2D5vSkLmw6-zcJY1w0_KPWCufM-cFxPNdHCfqIa_K4&dib_tag=se&keywords=jilbab&qid=1757853244&sprefix=j%2Caps%2C724&sr=8-16","Prien Soft Prayer Dress For Women, Muslim Abaya Hijab Set, Long Turkish Cotton Praying Outfit, Islamic Clothes For Ramadan","11 ratings","$39.90                            $39.90"
"1757853665-46","https://www.amazon.com/s?k=jilbab&crid=CBTZPEAGQRB&sprefix=j%2Caps%2C724&ref=nb_sb_noss_2","","https://www.amazon.com/Lenmipot-Muslim-Prayer-Islamic-Covered/dp/B09S6DKJ5P/ref=sr_1_15?crid=CBTZPEAGQRB&dib=eyJ2IjoiMSJ9.bGyHONncG-UZqsh9fn8GB9HG2KeWqypc-QNvK9JnlezyfpKCHhH6I3GWer3yPJx0QjQoX2OplFGFQU8o3oWqO40rfy1Rx_-dKZvXtQUoe5sKGT6TpgsSWvXmsfwsZDeVT3OtcnMoIFJ8GdKDsVuHNnHf6Jv73JW0pDEfAYamR9jTAEQb7osJJtRRgQzv9OgXKSP37pGMeBsb0c5YDd4Hy0CqHLMYVI6Mn2a9SesnBnUYjlfSPHBOdStyQO9eXrT0DnRis3GUKV-7-3Do1vMUsznHp-d117LvRkIT2A4x5Xo._2D5vSkLmw6-zcJY1w0_KPWCufM-cFxPNdHCfqIa_K4&dib_tag=se&keywords=jilbab&qid=1757853244&sprefix=j%2Caps%2C724&sr=8-15","Lenmipot Muslim Prayer Dress Islamic Jilbab Eid Formal Gown 1 Piece Saudi Loose Covered Dress","69 ratings",""
"1757853673-47","https://www.amazon.com/s?k=jilbab&crid=CBTZPEAGQRB&sprefix=j%2Caps%2C724&ref=nb_sb_noss_2","","https://www.amazon.com/sspa/click?ie=UTF8&spc=MTo1MjkzNDQzNjg0NTIzNTYwOjE3NTc4NTMyNDQ6c3BfbXRmOjMwMDAwMzE0NDM3NTAwMjo6MDo6&url=%2FOne-Piece-Muslim-Sleeve-Islamic-Fashion%2Fdp%2FB093QTRYDS%2Fref%3Dsr_1_14_sspa%3Fcrid%3DCBTZPEAGQRB%26dib%3DeyJ2IjoiMSJ9.bGyHONncG-UZqsh9fn8GB9HG2KeWqypc-QNvK9JnlezyfpKCHhH6I3GWer3yPJx0QjQoX2OplFGFQU8o3oWqO40rfy1Rx_-dKZvXtQUoe5sKGT6TpgsSWvXmsfwsZDeVT3OtcnMoIFJ8GdKDsVuHNnHf6Jv73JW0pDEfAYamR9jTAEQb7osJJtRRgQzv9OgXKSP37pGMeBsb0c5YDd4Hy0CqHLMYVI6Mn2a9SesnBnUYjlfSPHBOdStyQO9eXrT0DnRis3GUKV-7-3Do1vMUsznHp-d117LvRkIT2A4x5Xo._2D5vSkLmw6-zcJY1w0_KPWCufM-cFxPNdHCfqIa_K4%26dib_tag%3Dse%26keywords%3Djilbab%26qid%3D1757853244%26sprefix%3Dj%252Caps%252C724%26sr%3D8-14-spons%26sp_csd%3Dd2lkZ2V0TmFtZT1zcF9tdGY%26psc%3D1","ihvan online Muslim Dress for Girls, Long Sleeve One-Piece Islamic Prayer Dress, Hijab for Kids, Girls Abaya, Islamic Gifts","148 ratings","$34.90                            $34.90"
"1757853686-48","https://www.amazon.com/s?k=jilbab&crid=CBTZPEAGQRB&sprefix=j%2Caps%2C724&ref=nb_sb_noss_2","","https://www.amazon.com/sspa/click?ie=UTF8&spc=MTo1MjkzNDQzNjg0NTIzNTYwOjE3NTc4NTMyNDQ6c3BfbXRmOjMwMDczODU2MTY3NjAwMjo6MDo6&url=%2FRamadan-Muslim-Arabian-Islamic-Dresses%2Fdp%2FB0CKP9L8VH%2Fref%3Dsr_1_13_sspa%3Fcrid%3DCBTZPEAGQRB%26dib%3DeyJ2IjoiMSJ9.bGyHONncG-UZqsh9fn8GB9HG2KeWqypc-QNvK9JnlezyfpKCHhH6I3GWer3yPJx0QjQoX2OplFGFQU8o3oWqO40rfy1Rx_-dKZvXtQUoe5sKGT6TpgsSWvXmsfwsZDeVT3OtcnMoIFJ8GdKDsVuHNnHf6Jv73JW0pDEfAYamR9jTAEQb7osJJtRRgQzv9OgXKSP37pGMeBsb0c5YDd4Hy0CqHLMYVI6Mn2a9SesnBnUYjlfSPHBOdStyQO9eXrT0DnRis3GUKV-7-3Do1vMUsznHp-d117LvRkIT2A4x5Xo._2D5vSkLmw6-zcJY1w0_KPWCufM-cFxPNdHCfqIa_K4%26dib_tag%3Dse%26keywords%3Djilbab%26qid%3D1757853244%26sprefix%3Dj%252Caps%252C724%26sr%3D8-13-spons%26sp_csd%3Dd2lkZ2V0TmFtZT1zcF9tdGY%26psc%3D1","ODIZLI Muslim One Piece Prayer Hijab Dress Women Hooded Abaya Full Cover Islam Dubai Modest Robe","98 ratings","$19.12 with 25 percent savings              -25%                $19.12"
"1757853697-49","https://www.amazon.com/s?k=jilbab&crid=CBTZPEAGQRB&sprefix=j%2Caps%2C724&ref=nb_sb_noss_2","","https://www.amazon.com/sspa/click?ie=UTF8&spc=MTo1MjkzNDQzNjg0NTIzNTYwOjE3NTc4NTMyNDQ6c3BfbXRmOjMwMDg4MzA5Njc3MjIwMjo6MDo6&url=%2FWSPLYSPJY-Dresses-Pockets-Islamic-Clothes%2Fdp%2FB0D7L9FLM7%2Fref%3Dsr_1_12_sspa%3Fcrid%3DCBTZPEAGQRB%26dib%3DeyJ2IjoiMSJ9.bGyHONncG-UZqsh9fn8GB9HG2KeWqypc-QNvK9JnlezyfpKCHhH6I3GWer3yPJx0QjQoX2OplFGFQU8o3oWqO40rfy1Rx_-dKZvXtQUoe5sKGT6TpgsSWvXmsfwsZDeVT3OtcnMoIFJ8GdKDsVuHNnHf6Jv73JW0pDEfAYamR9jTAEQb7osJJtRRgQzv9OgXKSP37pGMeBsb0c5YDd4Hy0CqHLMYVI6Mn2a9SesnBnUYjlfSPHBOdStyQO9eXrT0DnRis3GUKV-7-3Do1vMUsznHp-d117LvRkIT2A4x5Xo._2D5vSkLmw6-zcJY1w0_KPWCufM-cFxPNdHCfqIa_K4%26dib_tag%3Dse%26keywords%3Djilbab%26qid%3D1757853244%26sprefix%3Dj%252Caps%252C724%26sr%3D8-12-spons%26sp_csd%3Dd2lkZ2V0TmFtZT1zcF9tdGY%26psc%3D1","WSPLYSPJY Solid Color Zipper Abaya Muslim Dresses for Women Girls Pockets Islamic Prayer Clothes","96 ratings","$24.99                            $24.99"
"1757853722-50","https://www.amazon.com/s?k=jilbab&crid=CBTZPEAGQRB&sprefix=j%2Caps%2C724&ref=nb_sb_noss_2","","https://www.amazon.com/sspa/click?ie=UTF8&spc=MTo1MjkzNDQzNjg0NTIzNTYwOjE3NTc4NTMyNDQ6c3BfbXRmOjMwMDEzOTIyNDY4NzQwMjo6MDo6&url=%2FDresses-Farasha-Arabian-Islamic-Clothes%2Fdp%2FB0CTQCZ2QZ%2Fref%3Dsr_1_11_sspa%3Fcrid%3DCBTZPEAGQRB%26dib%3DeyJ2IjoiMSJ9.bGyHONncG-UZqsh9fn8GB9HG2KeWqypc-QNvK9JnlezyfpKCHhH6I3GWer3yPJx0QjQoX2OplFGFQU8o3oWqO40rfy1Rx_-dKZvXtQUoe5sKGT6TpgsSWvXmsfwsZDeVT3OtcnMoIFJ8GdKDsVuHNnHf6Jv73JW0pDEfAYamR9jTAEQb7osJJtRRgQzv9OgXKSP37pGMeBsb0c5YDd4Hy0CqHLMYVI6Mn2a9SesnBnUYjlfSPHBOdStyQO9eXrT0DnRis3GUKV-7-3Do1vMUsznHp-d117LvRkIT2A4x5Xo._2D5vSkLmw6-zcJY1w0_KPWCufM-cFxPNdHCfqIa_K4%26dib_tag%3Dse%26keywords%3Djilbab%26qid%3D1757853244%26sprefix%3Dj%252Caps%252C724%26sr%3D8-11-spons%26sp_csd%3Dd2lkZ2V0TmFtZT1zcF9tdGY%26psc%3D1","Kids Girls Muslim Islamic Two-piece Outfits Lace Long Sleeve Hijab Dress Abaya and Loose Skirt Full Cover Kaftan","7 ratings","$35.98                            $35.98"
"1757853734-51","https://www.amazon.com/s?k=jilbab&crid=CBTZPEAGQRB&sprefix=j%2Caps%2C724&ref=nb_sb_noss_2","","https://www.amazon.com/khalat-Muslim-Prayer-One-Piece-Islamic/dp/B0CPSWD9N5/ref=sr_1_10?crid=CBTZPEAGQRB&dib=eyJ2IjoiMSJ9.bGyHONncG-UZqsh9fn8GB9HG2KeWqypc-QNvK9JnlezyfpKCHhH6I3GWer3yPJx0QjQoX2OplFGFQU8o3oWqO40rfy1Rx_-dKZvXtQUoe5sKGT6TpgsSWvXmsfwsZDeVT3OtcnMoIFJ8GdKDsVuHNnHf6Jv73JW0pDEfAYamR9jTAEQb7osJJtRRgQzv9OgXKSP37pGMeBsb0c5YDd4Hy0CqHLMYVI6Mn2a9SesnBnUYjlfSPHBOdStyQO9eXrT0DnRis3GUKV-7-3Do1vMUsznHp-d117LvRkIT2A4x5Xo._2D5vSkLmw6-zcJY1w0_KPWCufM-cFxPNdHCfqIa_K4&dib_tag=se&keywords=jilbab&qid=1757853244&sprefix=j%2Caps%2C724&sr=8-10","khalat Muslim Prayer Dress Abaya Solid One-Piece Hoodie Abaya Dress for Women Long Maxi Dress Islamic Dubai Jilbab","173 ratings","$39.99                            $39.99"
"1757853741-52","https://www.amazon.com/s?k=jilbab&crid=CBTZPEAGQRB&sprefix=j%2Caps%2C724&ref=nb_sb_noss_2","","https://www.amazon.com/Womens-Muslim-Islamic-Clothes-Pockets/dp/B0CJ84L9B7/ref=sr_1_9?crid=CBTZPEAGQRB&dib=eyJ2IjoiMSJ9.bGyHONncG-UZqsh9fn8GB9HG2KeWqypc-QNvK9JnlezyfpKCHhH6I3GWer3yPJx0QjQoX2OplFGFQU8o3oWqO40rfy1Rx_-dKZvXtQUoe5sKGT6TpgsSWvXmsfwsZDeVT3OtcnMoIFJ8GdKDsVuHNnHf6Jv73JW0pDEfAYamR9jTAEQb7osJJtRRgQzv9OgXKSP37pGMeBsb0c5YDd4Hy0CqHLMYVI6Mn2a9SesnBnUYjlfSPHBOdStyQO9eXrT0DnRis3GUKV-7-3Do1vMUsznHp-d117LvRkIT2A4x5Xo._2D5vSkLmw6-zcJY1w0_KPWCufM-cFxPNdHCfqIa_K4&dib_tag=se&keywords=jilbab&qid=1757853244&sprefix=j%2Caps%2C724&sr=8-9","Womens Abaya Muslim Long Sleeve Front Zipper Dress Prayer Islamic Clothes with Pockets","123 ratings",""
"1757853751-53","https://www.amazon.com/s?k=jilbab&crid=CBTZPEAGQRB&sprefix=j%2Caps%2C724&ref=nb_sb_noss_2","","https://www.amazon.com/Zofocy-Islamic-Breathable-Muslim-Half-body/dp/B0CJBXK22Q/ref=sr_1_8?crid=CBTZPEAGQRB&dib=eyJ2IjoiMSJ9.bGyHONncG-UZqsh9fn8GB9HG2KeWqypc-QNvK9JnlezyfpKCHhH6I3GWer3yPJx0QjQoX2OplFGFQU8o3oWqO40rfy1Rx_-dKZvXtQUoe5sKGT6TpgsSWvXmsfwsZDeVT3OtcnMoIFJ8GdKDsVuHNnHf6Jv73JW0pDEfAYamR9jTAEQb7osJJtRRgQzv9OgXKSP37pGMeBsb0c5YDd4Hy0CqHLMYVI6Mn2a9SesnBnUYjlfSPHBOdStyQO9eXrT0DnRis3GUKV-7-3Do1vMUsznHp-d117LvRkIT2A4x5Xo._2D5vSkLmw6-zcJY1w0_KPWCufM-cFxPNdHCfqIa_K4&dib_tag=se&keywords=jilbab&qid=1757853244&sprefix=j%2Caps%2C724&sr=8-8","Muslim Prayer Abaya Islamic Women's Khimar Pure Color Hijab Dress Long Sleeve Dubai Kaftan","127 ratings","$22.99                            $22.99"
"1757853758-54","https://www.amazon.com/s?k=jilbab&crid=CBTZPEAGQRB&sprefix=j%2Caps%2C724&ref=nb_sb_noss_2","","https://www.amazon.com/Muslim-Elasticated-Sleeves-Islamic-Clothes/dp/B0CRH8GXV2/ref=sr_1_7?crid=CBTZPEAGQRB&dib=eyJ2IjoiMSJ9.bGyHONncG-UZqsh9fn8GB9HG2KeWqypc-QNvK9JnlezyfpKCHhH6I3GWer3yPJx0QjQoX2OplFGFQU8o3oWqO40rfy1Rx_-dKZvXtQUoe5sKGT6TpgsSWvXmsfwsZDeVT3OtcnMoIFJ8GdKDsVuHNnHf6Jv73JW0pDEfAYamR9jTAEQb7osJJtRRgQzv9OgXKSP37pGMeBsb0c5YDd4Hy0CqHLMYVI6Mn2a9SesnBnUYjlfSPHBOdStyQO9eXrT0DnRis3GUKV-7-3Do1vMUsznHp-d117LvRkIT2A4x5Xo._2D5vSkLmw6-zcJY1w0_KPWCufM-cFxPNdHCfqIa_K4&dib_tag=se&keywords=jilbab&qid=1757853244&sprefix=j%2Caps%2C724&sr=8-7","Muslim Women Abaya Two Pieces Set Prayer Dress Elasticated Sleeves Islamic Robe Modest Full Cover Prayer Clothes","47 ratings","$36.99                            $36.99"
"1757853762-55","https://www.amazon.com/s?k=jilbab&crid=CBTZPEAGQRB&sprefix=j%2Caps%2C724&ref=nb_sb_noss_2","","https://www.amazon.com/Muslim-Ramadan-Prayer-Garment-African/dp/B09WZTBD5P/ref=sr_1_6?crid=CBTZPEAGQRB&dib=eyJ2IjoiMSJ9.bGyHONncG-UZqsh9fn8GB9HG2KeWqypc-QNvK9JnlezyfpKCHhH6I3GWer3yPJx0QjQoX2OplFGFQU8o3oWqO40rfy1Rx_-dKZvXtQUoe5sKGT6TpgsSWvXmsfwsZDeVT3OtcnMoIFJ8GdKDsVuHNnHf6Jv73JW0pDEfAYamR9jTAEQb7osJJtRRgQzv9OgXKSP37pGMeBsb0c5YDd4Hy0CqHLMYVI6Mn2a9SesnBnUYjlfSPHBOdStyQO9eXrT0DnRis3GUKV-7-3Do1vMUsznHp-d117LvRkIT2A4x5Xo._2D5vSkLmw6-zcJY1w0_KPWCufM-cFxPNdHCfqIa_K4&dib_tag=se&keywords=jilbab&qid=1757853244&sprefix=j%2Caps%2C724&sr=8-6","Women Muslim Dress Ramadan One Piece Prayer Garment Hijab Abaya Dubai Islam Robe African Turkey Caftan","160 ratings","$36.96                            $36.96"
"1757853770-56","https://www.amazon.com/s?k=jilbab&crid=CBTZPEAGQRB&sprefix=j%2Caps%2C724&ref=nb_sb_noss_2","","https://www.amazon.com/ODIZLI-Muslim-Dresses-Farasha-Arabian/dp/B0C14RM1LY/ref=sr_1_5?crid=CBTZPEAGQRB&dib=eyJ2IjoiMSJ9.bGyHONncG-UZqsh9fn8GB9HG2KeWqypc-QNvK9JnlezyfpKCHhH6I3GWer3yPJx0QjQoX2OplFGFQU8o3oWqO40rfy1Rx_-dKZvXtQUoe5sKGT6TpgsSWvXmsfwsZDeVT3OtcnMoIFJ8GdKDsVuHNnHf6Jv73JW0pDEfAYamR9jTAEQb7osJJtRRgQzv9OgXKSP37pGMeBsb0c5YDd4Hy0CqHLMYVI6Mn2a9SesnBnUYjlfSPHBOdStyQO9eXrT0DnRis3GUKV-7-3Do1vMUsznHp-d117LvRkIT2A4x5Xo._2D5vSkLmw6-zcJY1w0_KPWCufM-cFxPNdHCfqIa_K4&dib_tag=se&keywords=jilbab&qid=1757853244&sprefix=j%2Caps%2C724&sr=8-5","ODIZLI Muslim One Piece Prayer Hijab Dress Women Hooded Abaya Full Cover Islam Dubai Modest Robe","98 ratings",""
"1757853787-57","https://www.amazon.com/s?k=jilbab&crid=CBTZPEAGQRB&sprefix=j%2Caps%2C724&ref=nb_sb_noss_2","","https://www.amazon.com/sspa/click?ie=UTF8&spc=MTo1MjkzNDQzNjg0NTIzNTYwOjE3NTc4NTMyNDQ6c3BfYXRmOjMwMDEzNzcyNTA1OTkwMjo6MDo6&url=%2FJazvano-Instant-Muslim-Headscarf-Islamic%2Fdp%2FB0CQ511SJT%2Fref%3Dsr_1_4_sspa%3Fcrid%3DCBTZPEAGQRB%26dib%3DeyJ2IjoiMSJ9.bGyHONncG-UZqsh9fn8GB9HG2KeWqypc-QNvK9JnlezyfpKCHhH6I3GWer3yPJx0QjQoX2OplFGFQU8o3oWqO40rfy1Rx_-dKZvXtQUoe5sKGT6TpgsSWvXmsfwsZDeVT3OtcnMoIFJ8GdKDsVuHNnHf6Jv73JW0pDEfAYamR9jTAEQb7osJJtRRgQzv9OgXKSP37pGMeBsb0c5YDd4Hy0CqHLMYVI6Mn2a9SesnBnUYjlfSPHBOdStyQO9eXrT0DnRis3GUKV-7-3Do1vMUsznHp-d117LvRkIT2A4x5Xo._2D5vSkLmw6-zcJY1w0_KPWCufM-cFxPNdHCfqIa_K4%26dib_tag%3Dse%26keywords%3Djilbab%26qid%3D1757853244%26sprefix%3Dj%252Caps%252C724%26sr%3D8-4-spons%26sp_csd%3Dd2lkZ2V0TmFtZT1zcF9hdGY%26psc%3D1","Jazvano Instant Hijab for Women and Muslim Girls - Soft Scarf Easy to Wear Headscarf - Spun Gold Jilbab Daily Islamic 1pc","15 ratings","$13.99 with 26 percent savings              -26%                $13.99"
"1757853792-58","https://www.amazon.com/s?k=jilbab&crid=CBTZPEAGQRB&sprefix=j%2Caps%2C724&ref=nb_sb_noss_2","","https://www.amazon.com/sspa/click?ie=UTF8&spc=MTo1MjkzNDQzNjg0NTIzNTYwOjE3NTc4NTMyNDQ6c3BfYXRmOjMwMDEyNTA4ODI4NDkwMjo6MDo6&url=%2FJazvano-Jilbab-Clothes-Islamic-Arabian%2Fdp%2FB0CQ7MCRBD%2Fref%3Dsr_1_3_sspa%3Fcrid%3DCBTZPEAGQRB%26dib%3DeyJ2IjoiMSJ9.bGyHONncG-UZqsh9fn8GB9HG2KeWqypc-QNvK9JnlezyfpKCHhH6I3GWer3yPJx0QjQoX2OplFGFQU8o3oWqO40rfy1Rx_-dKZvXtQUoe5sKGT6TpgsSWvXmsfwsZDeVT3OtcnMoIFJ8GdKDsVuHNnHf6Jv73JW0pDEfAYamR9jTAEQb7osJJtRRgQzv9OgXKSP37pGMeBsb0c5YDd4Hy0CqHLMYVI6Mn2a9SesnBnUYjlfSPHBOdStyQO9eXrT0DnRis3GUKV-7-3Do1vMUsznHp-d117LvRkIT2A4x5Xo._2D5vSkLmw6-zcJY1w0_KPWCufM-cFxPNdHCfqIa_K4%26dib_tag%3Dse%26keywords%3Djilbab%26qid%3D1757853244%26sprefix%3Dj%252Caps%252C724%26sr%3D8-3-spons%26sp_csd%3Dd2lkZ2V0TmFtZT1zcF9hdGY%26psc%3D1","Jazvano Abaya Dress for women 1pc Eid Jilbab Muslim Prayer Clothes Islamic Modest Abayas Dubai Salah Robe","47 ratings","$39.99                            $39.99"
"1757853802-59","https://www.amazon.com/s?k=jilbab&crid=CBTZPEAGQRB&sprefix=j%2Caps%2C724&ref=nb_sb_noss_2","","https://www.amazon.com/sspa/click?ie=UTF8&spc=MTo1MjkzNDQzNjg0NTIzNTYwOjE3NTc4NTMyNDQ6c3BfYXRmOjMwMDgyNzY2Mzc5MTQwMjo6MDo6&url=%2FPrien-Prayer-Islamic-Clothes-Ramadan%2Fdp%2FB0CGC85TX2%2Fref%3Dsr_1_2_sspa%3Fcrid%3DCBTZPEAGQRB%26dib%3DeyJ2IjoiMSJ9.bGyHONncG-UZqsh9fn8GB9HG2KeWqypc-QNvK9JnlezyfpKCHhH6I3GWer3yPJx0QjQoX2OplFGFQU8o3oWqO40rfy1Rx_-dKZvXtQUoe5sKGT6TpgsSWvXmsfwsZDeVT3OtcnMoIFJ8GdKDsVuHNnHf6Jv73JW0pDEfAYamR9jTAEQb7osJJtRRgQzv9OgXKSP37pGMeBsb0c5YDd4Hy0CqHLMYVI6Mn2a9SesnBnUYjlfSPHBOdStyQO9eXrT0DnRis3GUKV-7-3Do1vMUsznHp-d117LvRkIT2A4x5Xo._2D5vSkLmw6-zcJY1w0_KPWCufM-cFxPNdHCfqIa_K4%26dib_tag%3Dse%26keywords%3Djilbab%26qid%3D1757853244%26sprefix%3Dj%252Caps%252C724%26sr%3D8-2-spons%26sp_csd%3Dd2lkZ2V0TmFtZT1zcF9hdGY%26psc%3D1","Prien Women Prayer Dress With Hijab Rug Tasbih Muslim Set Islamic Clothes Abaya Jilbab Dubai Kaftan For Eid Ramadan","229 ratings","$27.90                            $27.90"
"1757853812-60","https://www.amazon.com/s?k=jilbab&crid=CBTZPEAGQRB&sprefix=j%2Caps%2C724&ref=nb_sb_noss_2","","https://www.amazon.com/sspa/click?ie=UTF8&spc=MTo1MjkzNDQzNjg0NTIzNTYwOjE3NTc4NTMyNDQ6c3BfYXRmOjMwMDIwODEzOTk5MjMwMjo6MDo6&url=%2FPrien-Prayer-Muslim-Clothes-Islamic%2Fdp%2FB0BZN3S6WD%2Fref%3Dsr_1_1_sspa%3Fcrid%3DCBTZPEAGQRB%26dib%3DeyJ2IjoiMSJ9.bGyHONncG-UZqsh9fn8GB9HG2KeWqypc-QNvK9JnlezyfpKCHhH6I3GWer3yPJx0QjQoX2OplFGFQU8o3oWqO40rfy1Rx_-dKZvXtQUoe5sKGT6TpgsSWvXmsfwsZDeVT3OtcnMoIFJ8GdKDsVuHNnHf6Jv73JW0pDEfAYamR9jTAEQb7osJJtRRgQzv9OgXKSP37pGMeBsb0c5YDd4Hy0CqHLMYVI6Mn2a9SesnBnUYjlfSPHBOdStyQO9eXrT0DnRis3GUKV-7-3Do1vMUsznHp-d117LvRkIT2A4x5Xo._2D5vSkLmw6-zcJY1w0_KPWCufM-cFxPNdHCfqIa_K4%26dib_tag%3Dse%26keywords%3Djilbab%26qid%3D1757853244%26sprefix%3Dj%252Caps%252C724%26sr%3D8-1-spons%26sp_csd%3Dd2lkZ2V0TmFtZT1zcF9hdGY%26psc%3D1","Prien Kids Prayer Dress Muslim Clothes for Girls Long Sleeve Abaya with Hijab Two Piece Maxi Islamic Set Scarf Kaftan Jilbab","224 ratings","$25.50                            $25.50"
